                  epoch,         train/box_loss,         train/cls_loss,         train/dfl_loss,   metrics/precision(B),      metrics/recall(B),       metrics/mAP50(B),    metrics/mAP50-95(B),           val/box_loss,           val/cls_loss,           val/dfl_loss,                 lr/pg0,                 lr/pg1,                 lr/pg2
                      1,                  1.951,                 1.8535,                  1.955,                0.24372,                0.65013,                0.33366,                0.13462,                  2.056,                 4.8733,                 2.1459,             0.00055183,             0.00055183,             0.00055183
                      2,                 1.9275,                 1.6022,                  1.939,                0.52651,                0.49484,                0.49052,                0.18666,                 2.1112,                 1.7708,                 2.1824,             0.00088822,             0.00088822,             0.00088822
                      3,                 1.8897,                 1.5284,                 1.9327,                0.59559,                0.61744,                0.63222,                0.28206,                  1.899,                 1.4218,                  1.923,              0.0010046,              0.0010046,              0.0010046
                      4,                 1.8259,                 1.4152,                 1.8704,                0.70995,                0.70034,                0.74294,                0.34573,                 1.7734,                 1.1947,                 1.8887,              0.0006768,              0.0006768,              0.0006768
                      5,                 1.7953,                 1.3596,                 1.8493,                0.60804,                0.69612,                0.67425,                0.31273,                 1.7872,                 1.3935,                 1.8803,              0.0006768,              0.0006768,              0.0006768
