                  epoch,         train/box_loss,         train/cls_loss,         train/dfl_loss,   metrics/precision(B),      metrics/recall(B),       metrics/mAP50(B),    metrics/mAP50-95(B),           val/box_loss,           val/cls_loss,           val/dfl_loss,                 lr/pg0,                 lr/pg1,                 lr/pg2
                      1,                 1.4826,                 2.5762,                 1.3574,                0.01024,                0.76301,                0.00963,                0.00533,                 1.6597,                    nan,                 11.405,              0.0004287,              0.0004287,              0.0004287
                      2,                 1.5156,                 1.3818,                 1.3346,                0.00391,                0.46083,                0.00403,                0.00186,                 1.8898,                    inf,                 9.7707,              0.0006991,              0.0006991,              0.0006991
                      3,                 1.5064,                 1.2623,                 1.3109,                0.92492,                 0.9002,                 0.9037,                0.79694,                 0.4793,                 8.5592,                 1.3759,             0.00079407,             0.00079407,             0.00079407
                      4,                 1.4596,                 1.0399,                 1.2792,                0.96393,                0.98466,                0.97033,                 0.9097,                0.35405,                0.77524,                0.98801,             0.00058017,             0.00058017,             0.00058017
                      5,                 1.3796,                0.98713,                 1.2381,                0.80446,                0.94427,                0.97888,                0.92621,                0.35357,                0.88264,                 1.0002,             0.00058017,             0.00058017,             0.00058017
